{
    "abcd": {
        "email": "ab@gmail.com",
        "full_name": "abcd",
        "password_hash": "15e2b0d3c33891ebb0f1ef609ec419420c20e320ce94c65fbc8c3312448eb225",
        "is_active": true,
        "security_question": "What was the name of your first pet?",
        "security_answer": "fb8e20fc2e4c3f248c60c39bd652f3c1347298bb977b8b4d5903b85055620603"
    },
    "edmedi": {
        "email": "edmedi723@icloud.com",
        "full_name": "Edward",
        "password_hash": "15e2b0d3c33891ebb0f1ef609ec419420c20e320ce94c65fbc8c3312448eb225",
        "is_active": true,
        "security_question": "What is your mother's maiden name?",
        "security_answer": "2c5868c499242fe78f213a9a411d5efc1c420b60e957ee04e8dd7e77ae8b471d"
    }
}